color,product_id,rating,size,text,timestamp
Color: BLACK,8453801,5,Size: XL,NiceCuteGood quality,1678594023
Color: BLACK,8453801,5,Size: XXL,#The fabric feels great##Received the item on time##Looks exaclty like the pictures##True to size and fits well#,1675981574
Color: BLACK,8453801,5,Size: M,"Cute, my daughter loved it",1670908767
Color: BLACK,8453801,5,Size: L,NiceCuteReceived it on timeGood quality,1669414341
Color: BLACK,8230655,5,Size: L,"Veste tr√®s confort, qui donne un style presque chevalier. Nous adorons !",1670954060
Color: DARK GRAY,8230655,5,Size: M,Nice,1660233126
Color: BLACK,8230655,5,Size: M,"Very nice..., it looks like a warrior clothe.",1624377753
Color: BLACK,8230655,5,Size: L,Satisfactory Customer Service,1618527697
Color: multicolor,8455774,5,Size: 2XL,NiceCuteReceived it on timeSatisfactory Customer ServiceGood quality,1673709920
Color: BLACK,8345299,5,Size: 2XL,"Good basic one, the hoodie is removable. love it",1639310889
Color: BLACK,8345299,5,Size: M,Nice. very unique piece,1603830998
Color: LIGHT GRAY,8453010,5,Size: XL,Good qualityNiceit was a gift for my partner and he loved it and it fit just right,1682276026
Color: LIGHT GRAY,8453010,5,Size: M,Received it on time. But it was bigger than I expected,1677581905
Color: ARMY GREEN,7838964,5,Size: M,Received it on time. Nice. I love this piece,1677581936
Color: BLACK,8460020,5,Size: L,"I absolutely love love love this sweater! even my husband loves it and wanted me to order a second one for him! maybe he is just super obsessed with our cat, Samantha, but either way this item was a total game changer",1673588825
Color: BLACK,8460020,5,Size: XL,"Good quality, my boyfriend loves it",1670643675
Color: DARK GRAY,8460020,5,Size: L,"Good quality, my Boyfriend loved it !",1668930940
Color: multicolor,8462657,5,Size: M,"Received it on time Satisfactory Customer Service Good quality Cute Nice, exactly what I ordered. received on time and fits nicely.",1673709898
Color: multicolor,8458643,5,Size: 2XL,CuteNice,1673132637
Color: multicolor,8458643,5,Size: L,#very warm according to my son# #thinner fabric than I expected# #looks great# # he's happy#,1673129326
Color: multicolor,8458643,5,Size: L,My son likes it. Light and great for around the house or summer time.,1672711812
Color: multicolor,8458643,5,Size: S,NiceCuteReceived it on timeGood qualitySatisfactory Customer ServiceNot what I expected,1669517729
Color: BLACK,8453801,5,Size: XL,NiceCuteGood quality,1678594023
Color: BLACK,8453801,5,Size: XXL,#The fabric feels great##Received the item on time##Looks exaclty like the pictures##True to size and fits well#,1675981574
Color: BLACK,8453801,5,Size: M,"Cute, my daughter loved it",1670908767
Color: BLACK,8453801,5,Size: L,NiceCuteReceived it on timeGood quality,1669414341
Color: BLACK,8230655,5,Size: L,"Veste tr√®s confort, qui donne un style presque chevalier. Nous adorons !",1670954060
Color: DARK GRAY,8230655,5,Size: M,Nice,1660233126
Color: BLACK,8230655,5,Size: M,"Very nice..., it looks like a warrior clothe.",1624377753
Color: BLACK,8230655,5,Size: L,Satisfactory Customer Service,1618527697
Color: multicolor,8455774,5,Size: 2XL,NiceCuteReceived it on timeSatisfactory Customer ServiceGood quality,1673709920
Color: multicolor,8351867,5,Size: S,Love it,1602097666
Color: multicolor,8457773,5,Size: 2XL,Hubby's feedback. He said it fit well was tighter than his normal 2xl. But he was able to slip it on over his hat and shirt. Comfort wise he said it was extremely comfortable and he could see wearing it as a shirt all day.¬†¬† Overall he was really happy with it and got a laugh out of the printed saying on it.,1671420512
Color: multicolor,8457773,5,Size: 2XL,Received it on timeSatisfactory Customer ServiceGood quality,1670180094
Color: multicolor,8457773,5,Size: 2XL,Nice,1669840090
Color: multicolor,8457773,5,Size: 2XL,NiceReceived it on timeSatisfactory Customer ServiceGood quality,1669273735
Color: multicolor,8352475,5,Size: S,Nice Cute Received it on timeparfait exactement ce que j'attendais,1617225318
Color: LIGHT GRAY,8453010,5,Size: XL,Good qualityNiceit was a gift for my partner and he loved it and it fit just right,1682276026
Color: LIGHT GRAY,8453010,5,Size: M,Received it on time. But it was bigger than I expected,1677581905
Color: ARMY GREEN,7838964,5,Size: M,Received it on time. Nice. I love this piece,1677581936
Color: RED,8191569,5,Size: L,Love,1605829206
Color: multicolor,8351867,5,Size: S,Love it,1602097666
Color: multicolor,8458643,5,Size: 2XL,CuteNice,1673132637
Color: multicolor,8458643,5,Size: L,#very warm according to my son# #thinner fabric than I expected# #looks great# # he's happy#,1673129326
Color: multicolor,8458643,5,Size: L,My son likes it. Light and great for around the house or summer time.,1672711812
Color: multicolor,8458643,5,Size: S,NiceCuteReceived it on timeGood qualitySatisfactory Customer ServiceNot what I expected,1669517729
Color: multicolor,8462657,5,Size: M,"Received it on time Satisfactory Customer Service Good quality Cute Nice, exactly what I ordered. received on time and fits nicely.",1673709898
Color: BLACK,3177689,5,Size: L,Good quality,1561939342
Color: multicolor,8352475,5,Size: S,Nice Cute Received it on timeparfait exactement ce que j'attendais,1617225318
Color: LAVA RED,3208263,5,Size: XL,Received it on time Satisfactory Customer Service Good quality Cute,1616683467
Color: LAVA RED,3208263,5,Size: L,well... you know I am a blood lover! lol the tongue makes it look like a vampire is about to like my boob but I still find it funny and crazy,1606349996
Color: LAVA RED,3208263,5,Size: XL,it's a good fit and the design is awesome and badass,1572718620
Color: LAVA RED,3208263,5,Size: L,I paid for this sweater and it never came in the mail,1538440859
Color: multicolor,8457773,5,Size: 2XL,Hubby's feedback. He said it fit well was tighter than his normal 2xl. But he was able to slip it on over his hat and shirt. Comfort wise he said it was extremely comfortable and he could see wearing it as a shirt all day.¬†¬† Overall he was really happy with it and got a laugh out of the printed saying on it.,1671420512
Color: multicolor,8457773,5,Size: 2XL,Received it on timeSatisfactory Customer ServiceGood quality,1670180094
Color: multicolor,8457773,5,Size: 2XL,Nice,1669840090
Color: multicolor,8457773,5,Size: 2XL,NiceReceived it on timeSatisfactory Customer ServiceGood quality,1669273735
Color: RED WINE,3253004,5,Size: M,NiceCuteReceived it on timeSatisfactory Customer ServiceGood quality,1673710009
Color: RED WINE,3253004,5,Size: 3XL,Received it on timeSatisfactory Customer ServiceGood qualityNice,1623520141
Color: RED WINE,3253004,5,Size: L,This looks as described and good in cold water wash.,1619273925
Color: WHITE,3253004,5,Size: L,Nice,1618661282
Color: ORANGE,1612561,5,Size: XL,"vibrant colours and comfy, what more could you ask for",1678914642
Color: ORANGE,1612561,5,Size: 2XL,NiceCuteMy favorite design üôÇ‚ù§Ô∏è‚Äçüî•‚úåüèª,1630048718
Color: BLACK,3177689,5,Size: L,Good quality,1561939342
Color: BLACK,969334,5,Size: XL,"It's an alright hoodie. Fits well, is comfortable, and I like the look. THe hood is just a bit too small, but it's all good if you wear it fashionably",1492399971
Color: GRAY,1726227,5,Size: XL,NiceReceived it on timeGood qualitySatisfactory Customer Service,1677410729
Color: RED,8191569,5,Size: L,Love,1605829206
Color: RED,2216677,5,Size: XL,Received it on timeGood quality,1682782487
Color: BLACK,2216677,5,Size: M,This hoodie is super sharp looking and is very warm.  One of my favorite purchases so far.,1636843015
Color: BLACK,2216677,5,Size: M,Cute,1626344228
Color: LAVA RED,3208263,5,Size: XL,Received it on time Satisfactory Customer Service Good quality Cute,1616683467
Color: LAVA RED,3208263,5,Size: L,well... you know I am a blood lover! lol the tongue makes it look like a vampire is about to like my boob but I still find it funny and crazy,1606349996
Color: LAVA RED,3208263,5,Size: XL,it's a good fit and the design is awesome and badass,1572718620
Color: LAVA RED,3208263,5,Size: L,I paid for this sweater and it never came in the mail,1538440859
Color: GRAY,1726231,5,Size: S,"Looks exactly like the picture, it is very cozy, thick and perfect for a cold winter. I recommand it!",1671015284
Color: GRAY,1726231,5,Size: M,good pruduct,1565857432
Color: YELLOW,2284583,5,Size: 2XL,great graphics soft comfy.,1573839193
Color: YELLOW,2284583,5,Size: XL,Satisfactory Customer Service great I love it,1560715350
Color: YELLOW,2284583,5,Size: 3XL,thanks,1542557701
Color: YELLOW,2284583,5,Size: M,Love love love this sweater I‚Äôd recommend jus buy one size up,1535057644
Color: RED,2696745,5,Size: L,"My favorite,",1579955546
Color: COLORMIX,2764755,5,Size: L,Nice,1643658339
Color: COLORMIX,2764755,5,Size: XL,I thought it would be thick like a hoodie but it's still great.,1577043452
Color: COLORMIX,2764755,5,Size: XL,bestie that i bought this for adores it and always thanks me bc he says it comfy and It just looks good on him with anything he wears shorts pants dressy or casual it's an a+,1576981375
Color: RED WINE,3253004,5,Size: M,NiceCuteReceived it on timeSatisfactory Customer ServiceGood quality,1673710009
Color: RED WINE,3253004,5,Size: 3XL,Received it on timeSatisfactory Customer ServiceGood qualityNice,1623520141
Color: RED WINE,3253004,5,Size: L,This looks as described and good in cold water wash.,1619273925
Color: WHITE,3253004,5,Size: L,Nice,1618661282
Color: RED,2216677,5,Size: XL,Received it on timeGood quality,1682782487
Color: BLACK,2216677,5,Size: M,This hoodie is super sharp looking and is very warm.  One of my favorite purchases so far.,1636843015
Color: BLACK,2216677,5,Size: M,Cute,1626344228
Color: ORANGE,1612561,5,Size: XL,"vibrant colours and comfy, what more could you ask for",1678914642
Color: ORANGE,1612561,5,Size: 2XL,NiceCuteMy favorite design üôÇ‚ù§Ô∏è‚Äçüî•‚úåüèª,1630048718
Color: GRAY,1726227,5,Size: XL,NiceReceived it on timeGood qualitySatisfactory Customer Service,1677410729
Color: LIGHT GRAY,2995694,5,Size: 2XL,Received it on timeSatisfactory Customer ServiceNice,1623520259
Color: LIGHT GRAY,2995694,5,Size: 2XL,very nice,1576425255
Color: multicolor,3286549,5,Size: L,"#True to size and fits well##Looks exaclty like the pictures##Good quality, great buy!##The fabric feels great##Received the item on time#",1668001649
Color: multicolor,3286549,5,Size: L,Good quality,1603086451
Color: BLACK,3286563,5,Size: M,Super fun print and very comfortable. I wasn't expecting the print to be on the front and the back and the material isn't what I was expecting for a hoodie. I am pleased non the less!,1602557496
Color: BLACK,969334,5,Size: XL,"It's an alright hoodie. Fits well, is comfortable, and I like the look. THe hood is just a bit too small, but it's all good if you wear it fashionably",1492399971
Color: YELLOW,2284583,5,Size: 2XL,great graphics soft comfy.,1573839193
Color: YELLOW,2284583,5,Size: XL,Satisfactory Customer Service great I love it,1560715350
Color: YELLOW,2284583,5,Size: 3XL,thanks,1542557701
Color: YELLOW,2284583,5,Size: M,Love love love this sweater I‚Äôd recommend jus buy one size up,1535057644
Color: RED,2696745,5,Size: L,"My favorite,",1579955546
Color: BLACK,3383597,5,Size: L,"Received it on time.  I had to get a large because medium wasn't available,  but the piece looks just fine",1677582020
Color: BLACK,3383597,5,Size: M,Perfect!,1590091493
Color: GRAY/RED,2816182,5,Size: XL,Received it on timeGood quality,1626669740
Color: GRAY/RED,2816182,5,Size: L,not as thick as I thought it would be more like a long sleeve shirt! is comfy tho!,1591391377
Color: GRAY/RED,2816182,5,Size: XL,this shirt is a nice fit. bought it for my husband. he didnt like it online but wears it frequently it looks good. well made simple shirt.,1574979830
Color: GRAY/RED,2816182,5,Size: XL,really nice!,1573898323
Color: COLORMIX,2764755,5,Size: L,Nice,1643658339
Color: COLORMIX,2764755,5,Size: XL,I thought it would be thick like a hoodie but it's still great.,1577043452
Color: COLORMIX,2764755,5,Size: XL,bestie that i bought this for adores it and always thanks me bc he says it comfy and It just looks good on him with anything he wears shorts pants dressy or casual it's an a+,1576981375
Color: MIDNIGHT BLUE,4577470,5,Size: 2XL,very small,1641772110
Color: GRAY,1726231,5,Size: S,"Looks exactly like the picture, it is very cozy, thick and perfect for a cold winter. I recommand it!",1671015284
Color: GRAY,1726231,5,Size: M,good pruduct,1565857432
Color: BLACK,3286563,5,Size: M,Super fun print and very comfortable. I wasn't expecting the print to be on the front and the back and the material isn't what I was expecting for a hoodie. I am pleased non the less!,1602557496
Color: multicolor,4577473,5,Size: M,very small,1641772100
Color: multicolor,4577473,5,Size: 2XL,nice and comfy,1577155156
Color: MEDIUM SEA GREEN,4664183,5,Size: M,Jolie amusant mais chaud et fantastique comme chaque achat,1641131448
Color: MEDIUM SEA GREEN,4664183,5,Size: XL,"Great fun for christmas party, nice and comfy for night out",1622479984
Color: MEDIUM SEA GREEN,4664183,5,Size: M,Purchased for the three boys in my family and they absolutely loved em.,1612916804
Color: MEDIUM SEA GREEN,4664183,5,Size: M,Son is so I in love with it. He‚Äôs been wearing it for a week straight now which includes sleeping in it.,1609848934
Color: multicolor,3286549,5,Size: L,"#True to size and fits well##Looks exaclty like the pictures##Good quality, great buy!##The fabric feels great##Received the item on time#",1668001649
Color: multicolor,3286549,5,Size: L,Good quality,1603086451
Color: BLACK,3383597,5,Size: L,"Received it on time.  I had to get a large because medium wasn't available,  but the piece looks just fine",1677582020
Color: BLACK,3383597,5,Size: M,Perfect!,1590091493
Color: LIGHT GRAY,2995694,5,Size: 2XL,Received it on timeSatisfactory Customer ServiceNice,1623520259
Color: LIGHT GRAY,2995694,5,Size: 2XL,very nice,1576425255
Color: GRAY/RED,2816182,5,Size: XL,Received it on timeGood quality,1626669740
Color: GRAY/RED,2816182,5,Size: L,not as thick as I thought it would be more like a long sleeve shirt! is comfy tho!,1591391377
Color: GRAY/RED,2816182,5,Size: XL,this shirt is a nice fit. bought it for my husband. he didnt like it online but wears it frequently it looks good. well made simple shirt.,1574979830
Color: GRAY/RED,2816182,5,Size: XL,really nice!,1573898323
Color: DARK GRAY,4757543,5,Size: L,"#Looks exaclty like the pictures##Good quality, great buy!##Received the item on time##The fabric feels great#  Very nice, fits a bit small though and great material.",1658782980
Color: DARK GRAY,4757543,5,Size: 2XL,NiceCuteReceived it on timeGood quality,1626892248
Color: DARK GRAY,4757543,5,Size: 2XL,super soft and cozy material. nbeautiful colour and fit. i can only recommend it.,1616248583
Color: DARK GRAY,4757543,5,Size: 2XL,Very nice and comfortable,1591492886
Color: GREEN,5082004,5,Size: M,,1544268180
Color: multicolor,5117641,5,Size: XL,Looks exactly like the pictures but the sizing wasn't exactly like previous sweatshirts I've ordered. The material is a bit more stretchy and tighter.,1673538465
Color: BLACK,5436118,5,Size: XL,"Very comfortable material, but the print was a bit more blurry than what I could tell from the photo.",1673538354
Color: VIOLA PURPLE,6111923,5,Size: 2XL,Good quality,1628919603
Color: VIOLA PURPLE,6111923,5,Size: M,Nice and Cute,1628319883
Color: VIOLA PURPLE,6111923,5,Size: L,"I like that it can be used with the middle pocket, or as a normal hoodie. so soft too!",1606599919
Color: VIOLA PURPLE,6111923,5,Size: XL,"perfect for all occasions.  kitten loves it, so do our ferrets.  pouch is removable so you can were it out as well.",1606576586
Color: BLACK,6580339,5,Size: M,Received it on time,1637842755
Color: multicolor,6580339,5,Size: L,NiceCuteReceived it on timeGood quality,1621284820
Color: multicolor,6580339,5,Size: L,bought for my husband and he we both love it,1607267179
Color: SHAMROCK GREEN,6580339,5,Size: 3XL,Fits well :),1606294515
Color: MIDNIGHT BLUE,4577470,5,Size: 2XL,very small,1641772110
Color: multicolor,4577473,5,Size: M,very small,1641772100
Color: multicolor,4577473,5,Size: 2XL,nice and comfy,1577155156
Color: RED,6700365,5,Size: 2XL,"Nice ugly christmas sweater! I liked it so much I bought two- one red and one in green. It is good quality and well made with attention to little deatails. I like that the string holes for the hood are reinforced, as well as the kangroo pocket to keep your hands warm. It is very soft material too. It fits true to size as well. He cannot wait to wear it to his xmas party. I bought green for me and red for him. We are both super happy with our purchases.",1625594656
Color: GREEN,6700365,5,Size: XL,Nice ugly christmas sweater. Good quality and well made with attention to deatail. I like that the string holes for the hood are reinforced. As well as the kangroo pocket to keep your hands warm. It is very soft material too. It fits true to size as well. I cannot wait to wear it to xmas parties. I bought green for me and red for my bf. He loves his too.,1625594318
Color: GREEN,6700365,5,Size: M,Just what I wanted,1604366336
Color: GREEN,6700365,5,Size: 2XL,"Amazing. Lightweight, festive enough to make my mom laugh on Christmas Eve,  and comfortable.",1579077174
Color: MEDIUM SEA GREEN,5475449,5,Size: L,My boyfriend loved it and found the hoodie really soft and nice to wear!,1640060873
Color: MEDIUM SEA GREEN,5475449,5,Size: 3XL,Received it on time,1640051087
Color: OCEAN BLUE,5475449,5,Size: M,my husband loves this hoodie - its made out of lycra type material nfits really well,1610039816
Color: OCEAN BLUE,5475449,5,Size: L,husband  loves this!,1571064004
Color: GREEN,5082004,5,Size: M,,1544268180
Color: MEDIUM SEA GREEN,4664183,5,Size: M,Jolie amusant mais chaud et fantastique comme chaque achat,1641131448
Color: MEDIUM SEA GREEN,4664183,5,Size: XL,"Great fun for christmas party, nice and comfy for night out",1622479984
Color: MEDIUM SEA GREEN,4664183,5,Size: M,Purchased for the three boys in my family and they absolutely loved em.,1612916804
Color: MEDIUM SEA GREEN,4664183,5,Size: M,Son is so I in love with it. He‚Äôs been wearing it for a week straight now which includes sleeping in it.,1609848934
Color: DARK GRAY,4757543,5,Size: L,"#Looks exaclty like the pictures##Good quality, great buy!##Received the item on time##The fabric feels great#  Very nice, fits a bit small though and great material.",1658782980
Color: DARK GRAY,4757543,5,Size: 2XL,NiceCuteReceived it on timeGood quality,1626892248
Color: DARK GRAY,4757543,5,Size: 2XL,super soft and cozy material. nbeautiful colour and fit. i can only recommend it.,1616248583
Color: DARK GRAY,4757543,5,Size: 2XL,Very nice and comfortable,1591492886
Color: multicolor,5117641,5,Size: XL,Looks exactly like the pictures but the sizing wasn't exactly like previous sweatshirts I've ordered. The material is a bit more stretchy and tighter.,1673538465
Color: BLACK,5436118,5,Size: XL,"Very comfortable material, but the print was a bit more blurry than what I could tell from the photo.",1673538354
Color: BLACK,6580339,5,Size: M,Received it on time,1637842755
Color: multicolor,6580339,5,Size: L,NiceCuteReceived it on timeGood quality,1621284820
Color: multicolor,6580339,5,Size: L,bought for my husband and he we both love it,1607267179
Color: SHAMROCK GREEN,6580339,5,Size: 3XL,Fits well :),1606294515
Color: VIOLA PURPLE,6111923,5,Size: 2XL,Good quality,1628919603
Color: VIOLA PURPLE,6111923,5,Size: M,Nice and Cute,1628319883
Color: VIOLA PURPLE,6111923,5,Size: L,"I like that it can be used with the middle pocket, or as a normal hoodie. so soft too!",1606599919
Color: VIOLA PURPLE,6111923,5,Size: XL,"perfect for all occasions.  kitten loves it, so do our ferrets.  pouch is removable so you can were it out as well.",1606576586
Color: MEDIUM SEA GREEN,5475449,5,Size: L,My boyfriend loved it and found the hoodie really soft and nice to wear!,1640060873
Color: MEDIUM SEA GREEN,5475449,5,Size: 3XL,Received it on time,1640051087
Color: OCEAN BLUE,5475449,5,Size: M,my husband loves this hoodie - its made out of lycra type material nfits really well,1610039816
Color: OCEAN BLUE,5475449,5,Size: L,husband  loves this!,1571064004
Color: RED,6700365,5,Size: 2XL,"Nice ugly christmas sweater! I liked it so much I bought two- one red and one in green. It is good quality and well made with attention to little deatails. I like that the string holes for the hood are reinforced, as well as the kangroo pocket to keep your hands warm. It is very soft material too. It fits true to size as well. He cannot wait to wear it to his xmas party. I bought green for me and red for him. We are both super happy with our purchases.",1625594656
Color: GREEN,6700365,5,Size: XL,Nice ugly christmas sweater. Good quality and well made with attention to deatail. I like that the string holes for the hood are reinforced. As well as the kangroo pocket to keep your hands warm. It is very soft material too. It fits true to size as well. I cannot wait to wear it to xmas parties. I bought green for me and red for my bf. He loves his too.,1625594318
Color: GREEN,6700365,5,Size: M,Just what I wanted,1604366336
Color: GREEN,6700365,5,Size: 2XL,"Amazing. Lightweight, festive enough to make my mom laugh on Christmas Eve,  and comfortable.",1579077174
Color: multicolor,7874539,5,Size: 2XL,NiceSatisfactory Customer ServiceReceived it on timeGood quality,1669273751
Color: multicolor,8152629,5,Size: XL,"great quality, material feels great and fits like the size I ordered",1574456250
Color: MOCHA,7942118,5,Size: L,"Good quality. I love this shirt, my new favorite. It is incredibly comfortable and fits great.",1671030420
Color: MOCHA,7942118,5,Size: XL,"comfortable and right sweatshirt, colors faithful to the photo, very comfortable buttons, soft fabric and keeps the heat well, I like it very much",1598096659
Color: MOCHA,7942118,5,Size: XL,Amazing product. Buy it. Super warm and comfort that doesn't quit. good quality too.,1584862937
Color: MOCHA,7942118,5,Size: L,"so comfortable, true to size. nordered for my husband, fits well, good quality with nice material",1583379461
Color: BLACK,8148177,5,Size: XS,Fin mais bonne qualit√©. L√©ger pas du tout pr√©vu pour l'hiver. Taille large,1669463342
Color: BLACK,8148177,5,Size: XS,Feels amazing,1569355163
Color: multicolor,8154181,5,Size: L,NiceGood quality love this sweatshirt. Wear it all the time,1623530662
Color: multicolor,8155519,5,Size: L,"#Good quality, great buy!##The fabric feels great#  bought for the hubby...he usually wears a medium and this JUST fit....",1668606067
Color: CHESTNUT RED,8157900,5,Size: L,Nice It's a Christmas gift üéÅ,1665264062
Color: WHITE,8157900,5,Size: 2XL,Good value for money,1623065930
Color: multicolor,7874539,5,Size: 2XL,NiceSatisfactory Customer ServiceReceived it on timeGood quality,1669273751
Color: MOCHA,7942118,5,Size: L,"Good quality. I love this shirt, my new favorite. It is incredibly comfortable and fits great.",1671030420
Color: MOCHA,7942118,5,Size: XL,"comfortable and right sweatshirt, colors faithful to the photo, very comfortable buttons, soft fabric and keeps the heat well, I like it very much",1598096659
Color: MOCHA,7942118,5,Size: XL,Amazing product. Buy it. Super warm and comfort that doesn't quit. good quality too.,1584862937
Color: MOCHA,7942118,5,Size: L,"so comfortable, true to size. nordered for my husband, fits well, good quality with nice material",1583379461
Color: multicolor,8152629,5,Size: XL,"great quality, material feels great and fits like the size I ordered",1574456250
Color: BLACK,8148177,5,Size: XS,Fin mais bonne qualit√©. L√©ger pas du tout pr√©vu pour l'hiver. Taille large,1669463342
Color: BLACK,8148177,5,Size: XS,Feels amazing,1569355163
Color: multicolor,8155519,5,Size: L,"#Good quality, great buy!##The fabric feels great#  bought for the hubby...he usually wears a medium and this JUST fit....",1668606067
Color: multicolor,8159266,5,Size: XS,Received it on timeGood quality,1636993036
Color: WHITE,8160053,5,Size: S,"#True to size and fits well##Looks exaclty like the pictures##It's cheap. Well worth shopping##Good quality, great buy!##The fabric feels great#",1664834075
Color: PURPLE,8160053,5,Size: L,"#True to size and fits well##Looks exaclty like the pictures##The fabric feels great##Good quality, great buy!#",1653984459
Color: RED,8160053,5,Size: XL,"#Looks exaclty like the pictures##Good quality, great buy!##The fabric feels great# Bought one for each of my family and we all love them, zero complaints",1653984307
Color: multicolor A,8160053,5,Size: 2XL,#Looks exaclty like the pictures#,1648371288
Color: multicolor,8154181,5,Size: L,NiceGood quality love this sweatshirt. Wear it all the time,1623530662
Color: CHESTNUT RED,8157900,5,Size: L,Nice It's a Christmas gift üéÅ,1665264062
Color: WHITE,8157900,5,Size: 2XL,Good value for money,1623065930
Color: YELLOW,8161279,5,Size: M,awesome üëå üëçüëçüíØüíØ,1603221105
Color: multicolor,8160292,5,Size: 2XL,perfect for my best friend!,1608777367
Color: multicolor,8159266,5,Size: XS,Received it on timeGood quality,1636993036
Color: multicolor,8163786,5,Size: XL,NiceCuteReceived it on timeSatisfactory Customer ServiceGood quality,1682483000
Color: multicolor,8164599,5,Size: XL,Good quality my son luvs it very happy with it,1650407018
Color: BLACK,8164594,5,Size: S,"other than the fact that my order took a month to come in, the hoodie is off nice qualityGood quality",1668636644
Color: WHITE,8160053,5,Size: S,"#True to size and fits well##Looks exaclty like the pictures##It's cheap. Well worth shopping##Good quality, great buy!##The fabric feels great#",1664834075
Color: PURPLE,8160053,5,Size: L,"#True to size and fits well##Looks exaclty like the pictures##The fabric feels great##Good quality, great buy!#",1653984459
Color: RED,8160053,5,Size: XL,"#Looks exaclty like the pictures##Good quality, great buy!##The fabric feels great# Bought one for each of my family and we all love them, zero complaints",1653984307
Color: multicolor A,8160053,5,Size: 2XL,#Looks exaclty like the pictures#,1648371288
Color: GRAY,8164705,5,Size: M,love this,1616068701
Color: ARMY GREEN,8168520,5,Size: L,Received it on time Good quality,1616933457
Color: multicolor,8164599,5,Size: XL,Good quality my son luvs it very happy with it,1650407018
Color: multicolor,8160292,5,Size: 2XL,perfect for my best friend!,1608777367
Color: multicolor,8163786,5,Size: XL,NiceCuteReceived it on timeSatisfactory Customer ServiceGood quality,1682483000
Color: YELLOW,8161279,5,Size: M,awesome üëå üëçüëçüíØüíØ,1603221105
Color: LIGHT GRAY,8170508,5,Size: 2XL,I love it. It's a nice lightweight hoodie with breathable material. Great all year round.,1624303088
Color: LIGHT GRAY,8170508,5,Size: L,little small especially if you put it through the wash,1608491685
Color: LIGHT GRAY,8170508,5,Size: L,It is slightly blurry but still fits and looks good,1600572498
Color: BLACK,8164594,5,Size: S,"other than the fact that my order took a month to come in, the hoodie is off nice qualityGood quality",1668636644
Color: GRAY,8164705,5,Size: M,love this,1616068701
Color: ARMY GREEN,8168520,5,Size: L,Received it on time Good quality,1616933457
Color: BLACK,8172601,5,Size: L,Received it on time,1662765819
Color: ASH GRAY,8173758,5,Size: M,Piece is on the larger side. Probably should order a size down,1677582104
Color: ASH GRAY,8173758,5,Size: 2XL,Received it on timeSatisfactory Customer ServiceGood quality,1627041191
Color: GRAY,8170833,5,Size: M,This piece was true to size.  Received it on timeNice,1677581810
Color: ARMY GREEN,8170833,5,Size: M,Very nice piece.  Fitted just as expected,1603830980
Color: LIGHT GRAY,8170508,5,Size: 2XL,I love it. It's a nice lightweight hoodie with breathable material. Great all year round.,1624303088
Color: LIGHT GRAY,8170508,5,Size: L,little small especially if you put it through the wash,1608491685
Color: LIGHT GRAY,8170508,5,Size: L,It is slightly blurry but still fits and looks good,1600572498
Color: BLACK,8172601,5,Size: L,Received it on time,1662765819
Color: BLACK,8198457,5,Size: 2XL,Nice,1638082416
Color: BLACK,8198457,5,Size: M,Very stylish!,1579931006
Color: BROWN BEAR,8198457,5,Size: M,Very unique.  Fits well,1579930922
Color: ASH GRAY,8173758,5,Size: M,Piece is on the larger side. Probably should order a size down,1677582104
Color: ASH GRAY,8173758,5,Size: 2XL,Received it on timeSatisfactory Customer ServiceGood quality,1627041191
Color: WHITE,8198595,5,Size: M,NiceCuteReceived it on timeSatisfactory Customer ServiceGood quality,1673710000
Color: GRAY,8170833,5,Size: M,This piece was true to size.  Received it on timeNice,1677581810
Color: ARMY GREEN,8170833,5,Size: M,Very nice piece.  Fitted just as expected,1603830980
Color: WHITE,8199852,5,Size: M,Great,1621731553
Color: multicolor,8210057,5,Size: 3XL,Got for xmas time quick dry when washed looks good colourful,1656473651
Color: BLACK,8204321,5,Size: 2XL,this wasn't true to size at all. fits like a small ordered a 2x,1655479849
Color: BLACK,8204321,5,Size: 2XL,"Took a while to come, but looks exactly like pictures, nice material, fits well, bought as a gift, my friend loves it!",1574658408
Color: BLACK,8460020,5,Size: L,"I absolutely love love love this sweater! even my husband loves it and wanted me to order a second one for him! maybe he is just super obsessed with our cat, Samantha, but either way this item was a total game changer",1673588825
Color: BLACK,8460020,5,Size: XL,"Good quality, my boyfriend loves it",1670643675
Color: DARK GRAY,8460020,5,Size: L,"Good quality, my Boyfriend loved it !",1668930940
Color: BLACK,8198457,5,Size: 2XL,Nice,1638082416
Color: BLACK,8198457,5,Size: M,Very stylish!,1579931006
Color: BROWN BEAR,8198457,5,Size: M,Very unique.  Fits well,1579930922
Color: WHITE,8198595,5,Size: M,NiceCuteReceived it on timeSatisfactory Customer ServiceGood quality,1673710000
Color: WHITE,8199852,5,Size: M,Great,1621731553
Color: multicolor,8210057,5,Size: 3XL,Got for xmas time quick dry when washed looks good colourful,1656473651
Color: BLACK,8204321,5,Size: 2XL,this wasn't true to size at all. fits like a small ordered a 2x,1655479849
Color: BLACK,8204321,5,Size: 2XL,"Took a while to come, but looks exactly like pictures, nice material, fits well, bought as a gift, my friend loves it!",1574658408
Color: multicolor,8255424,5,Size: M,b√™te de sweat,1587910101
Color: multicolor,8255424,5,Size: 2XL,l love this,1584034597
Color: BLACK,8253098,5,Size: M,"#Good quality, great buy!##True to size and fits well##The fabric feels great##Looks exaclty like the pictures##It's cheap. Well worth shopping##Received the item on time#",1666824273
Color: BLACK,8253098,5,Size: 2XL,Don't often find snake on things and skulls i like,1656472821
Color: BLACK,8264400,5,Size: L,"my son Love's it, very happy with the order, will shop again for sure. Thank you.",1588444547
Color: BLACK,8264400,5,Size: 2XL,–û—Ç–ª–∏—á–Ω–æ–µ –∫–∞—á–µ—Å—Ç–≤–æ.–ù–∞ –ï–≤—Ä–æ–ø–µ–π—Å–∫–∏–π L —Å—Ç–æ–∏—Ç –≤–∑—è—Ç—å XL.,1586532933
Color: multicolor,8251089,5,Size: L,"bonne qualit√© de produits, dans l'ensemble c'est correcte,",1587910006
Color: multicolor,8264434,5,Size: M,feels amazing excellent quality print it's great for a gift for winter .,1599347346
Color: multicolor,8268271,5,Size: 2XL,One half quite red of lion i really like it i often wear it nice pockets,1656473939
Color: multicolor,8268271,5,Size: L,j'aime bien la mati√®re mais c'est asser l√©ger,1589417151
Color: multicolor,8268278,5,Size: L,Good quality. Nice hoodie. my daughter loves it. Nice,1633498248
Overall Fit: True to Size,8268278,5,Overall Fit: True to Size,The material is unexpectedly great. My style. I normally wear a M and I'm 150 lbs.,1599887572
Color: multicolor,8270096,5,Size: 2XL,Great fabric. True to size,1592765708
Color: multicolor,8270121,5,Size: 2XL,Comfy fits well,1617391521
Color: BLACK,8253098,5,Size: M,"#Good quality, great buy!##True to size and fits well##The fabric feels great##Looks exaclty like the pictures##It's cheap. Well worth shopping##Received the item on time#",1666824273
Color: BLACK,8253098,5,Size: 2XL,Don't often find snake on things and skulls i like,1656472821
Color: multicolor,8255424,5,Size: M,b√™te de sweat,1587910101
Color: multicolor,8255424,5,Size: 2XL,l love this,1584034597
Color: multicolor,8270105,5,Size: XL,Satisfactory Customer ServiceGood quality,1665588195
Color: multicolor,8275775,5,Size: 2XL,Great fabric. True to size,1592765664
Color: multicolor,8270112,5,Size: M,#Looks exaclty like the pictures##True to size and fits well#,1668040379
Color: multicolor,8264434,5,Size: M,feels amazing excellent quality print it's great for a gift for winter .,1599347346
Color: multicolor,8251089,5,Size: L,"bonne qualit√© de produits, dans l'ensemble c'est correcte,",1587910006
Color: multicolor,8268271,5,Size: 2XL,One half quite red of lion i really like it i often wear it nice pockets,1656473939
Color: multicolor,8268271,5,Size: L,j'aime bien la mati√®re mais c'est asser l√©ger,1589417151
Color: multicolor,8332569,5,Size: L,"Received it on timeSatisfactory Customer ServiceGood quality, I love the colors and fit this is a really nice sweatshirt.",1627459625
Color: multicolor,8270121,5,Size: 2XL,Comfy fits well,1617391521
Color: BLACK,8264400,5,Size: L,"my son Love's it, very happy with the order, will shop again for sure. Thank you.",1588444547
Color: BLACK,8264400,5,Size: 2XL,–û—Ç–ª–∏—á–Ω–æ–µ –∫–∞—á–µ—Å—Ç–≤–æ.–ù–∞ –ï–≤—Ä–æ–ø–µ–π—Å–∫–∏–π L —Å—Ç–æ–∏—Ç –≤–∑—è—Ç—å XL.,1586532933
Color: multicolor,8270096,5,Size: 2XL,Great fabric. True to size,1592765708
Color: multicolor,8268278,5,Size: L,Good quality. Nice hoodie. my daughter loves it. Nice,1633498248
Overall Fit: True to Size,8268278,5,Overall Fit: True to Size,The material is unexpectedly great. My style. I normally wear a M and I'm 150 lbs.,1599887572
Color: multicolor,8270105,5,Size: XL,Satisfactory Customer ServiceGood quality,1665588195
Color: multicolor,8270112,5,Size: M,#Looks exaclty like the pictures##True to size and fits well#,1668040379
Color: multicolor,8275775,5,Size: 2XL,Great fabric. True to size,1592765664
Color: multicolor,8332569,5,Size: L,"Received it on timeSatisfactory Customer ServiceGood quality, I love the colors and fit this is a really nice sweatshirt.",1627459625
Color: multicolor,8337611,5,Size: 2XL,CuteGood quality,1668948611
Color: multicolor,8337611,5,Size: XL,NiceGood quality,1668948603
Color: RED,8336511,5,Size: XL,Received it on time. It fits just right so my bf was very happy with it.,1669731053
Color: RED,8336511,5,Size: M,"Cute, really good quality. Fit perfectly",1664030322
Color: BLACK,8339439,5,Size: L,I love the material in this sweatshirt as well,1600768640
Color: multicolor,8337604,5,Size: 2XL,Good quality. Was a great addition on a cooler night for Halloween. Warm.,1673854522
Color: WHITE,8339433,5,Size: S,not bad! silky material that could be scratchy if you don't wear s top underneath. but its warm and good for fall :),1598979529
Color: BLACK,8339791,5,Size: XL,Good qualityReceived it on time even better than i expected,1636993113
Color: BLACK,8339791,5,Size: 2XL,"I absolutely love this! It looks just like pictured. I bought this as a gift for my man, but wanna keep it for myself! He wears a XL-2XL normally, but got 3XL (due to measurements.) The material isn't like regular cotton sweater material, it's a smooth polyester sublimated (absorbed in fabric) print. I love the smooth, sporty-like feel to it. I haven't tried it on, nor has the intended recipient. Totes worth the $$$. May need to find my man another sweater now.ü§£",1603520020
Color: multicolor,8337611,5,Size: 2XL,CuteGood quality,1668948611
Color: multicolor,8337611,5,Size: XL,NiceGood quality,1668948603
Color: multicolor,8341352,5,Size: L,Received it on time my boyfriend loved it he said it was perfect fit and fabric felt soft.,1627971044
Color: RED,8336511,5,Size: XL,Received it on time. It fits just right so my bf was very happy with it.,1669731053
Color: RED,8336511,5,Size: M,"Cute, really good quality. Fit perfectly",1664030322
Color: multicolor,8337604,5,Size: 2XL,Good quality. Was a great addition on a cooler night for Halloween. Warm.,1673854522
Color: BLACK,8339791,5,Size: XL,Good qualityReceived it on time even better than i expected,1636993113
Color: BLACK,8339791,5,Size: 2XL,"I absolutely love this! It looks just like pictured. I bought this as a gift for my man, but wanna keep it for myself! He wears a XL-2XL normally, but got 3XL (due to measurements.) The material isn't like regular cotton sweater material, it's a smooth polyester sublimated (absorbed in fabric) print. I love the smooth, sporty-like feel to it. I haven't tried it on, nor has the intended recipient. Totes worth the $$$. May need to find my man another sweater now.ü§£",1603520020
Color: BLACK,8339439,5,Size: L,I love the material in this sweatshirt as well,1600768640
Color: multicolor,8345316,5,Size: M,Received it on time Good quality Cute Nice looks better than i imagined,1636993467
Color: multicolor,8345316,5,Size: 3XL,Good quality,1621785048
Color: WHITE,8339433,5,Size: S,not bad! silky material that could be scratchy if you don't wear s top underneath. but its warm and good for fall :),1598979529
Color: CARBON GRAY,8345297,5,Size: M,Nice.  I'm just trying to figure out how to tie the ties on the arms.,1677582169
Color: DARK KHAKI,8348398,5,Size: XL,Good quality fits perfect looks and feels good,1617577838
Color: LAVA RED,8347778,5,Size: 3XL,great fit and material was thicker and warmer than expected so very pleased,1626512904
Color: multicolor,8341352,5,Size: L,Received it on time my boyfriend loved it he said it was perfect fit and fabric felt soft.,1627971044
Color: multicolor,8345316,5,Size: M,Received it on time Good quality Cute Nice looks better than i imagined,1636993467
Color: multicolor,8345316,5,Size: 3XL,Good quality,1621785048
Color: multicolor,8352483,5,Size: L,"Nice, Received it on time, Good quality,Satisfactory Customer Service",1675410887
Color: multicolor,8349187,5,Size: S,Awesome product! Showed up in good time! Super cute! Fun to wear!,1627267321
Color: LAVA RED,8347778,5,Size: 3XL,great fit and material was thicker and warmer than expected so very pleased,1626512904
Color: CARBON GRAY,8345297,5,Size: M,Nice.  I'm just trying to figure out how to tie the ties on the arms.,1677582169
Color: LIGHT COFFEE,8352502,5,Size: L,The hoodie is really nice and the fabric is soft and pleasant. The print quality is amazing! My husband loves it.,1654443606
Color: BLACK,8345299,5,Size: 2XL,"Good basic one, the hoodie is removable. love it",1639310889
Color: BLACK,8345299,5,Size: M,Nice. very unique piece,1603830998
Color: DARK KHAKI,8348398,5,Size: XL,Good quality fits perfect looks and feels good,1617577838
Color: NEBULA,8353421,5,Size: XL,"I was very satisfied, size is perfect and colors are bright and everything looks good.",1617590201
Color: GRAPHITE BLACK,8355681,5,Size: XS,Good quality,1668891294
Color: GRAPHITE BLACK,8355681,5,Size: S,Amazing beautiful sweatshirt for Xmas presentFits perfectly,1632776610
Color: BLACK,8357736,5,Size: 3XL,Received it on timeCuteNice,1639794314
Color: multicolor,8352483,5,Size: L,"Nice, Received it on time, Good quality,Satisfactory Customer Service",1675410887
Color: WHITE,8357743,5,Size: 2XL,#True to size and fits well##The fabric feels great##Looks exaclty like the pictures##Received the item on time# Got this for my husband and he absolutely loves it. Soft material washes up great,1675981717
Color: WHITE,8357743,5,Size: 2XL,Comfy and husband likes it!,1628430902
Color: LIGHT COFFEE,8352502,5,Size: L,The hoodie is really nice and the fabric is soft and pleasant. The print quality is amazing! My husband loves it.,1654443606
Color: multicolor,8349187,5,Size: S,Awesome product! Showed up in good time! Super cute! Fun to wear!,1627267321
Color: NEBULA,8353421,5,Size: XL,"I was very satisfied, size is perfect and colors are bright and everything looks good.",1617590201
Color: multicolor,8361380,5,Size: M,can't wait to get this sweatshirt help the colors are as bright as they look,1612435411
Color: BLACK,8363487,5,Size: M,"#True to size and fits well##Looks exaclty like the pictures##Good quality, great buy!#",1647721329
Color: BLACK,8363487,5,Size: M,my boyfriend seriously loved his hoodie. I'm buying another for my brother in law. n,1609081387
Color: PURPLE,8357748,5,Size: L,#True to size and fits well##Looks exaclty like the pictures#,1675497693
Color: GRAPHITE BLACK,8355681,5,Size: XS,Good quality,1668891294
Color: GRAPHITE BLACK,8355681,5,Size: S,Amazing beautiful sweatshirt for Xmas presentFits perfectly,1632776610
Color: BLACK,8357736,5,Size: 3XL,Received it on timeCuteNice,1639794314
Color: multicolor,8361380,5,Size: M,can't wait to get this sweatshirt help the colors are as bright as they look,1612435411
Color: WHITE,8357743,5,Size: 2XL,#True to size and fits well##The fabric feels great##Looks exaclty like the pictures##Received the item on time# Got this for my husband and he absolutely loves it. Soft material washes up great,1675981717
Color: WHITE,8357743,5,Size: 2XL,Comfy and husband likes it!,1628430902
Color: PURPLE,8357748,5,Size: L,#True to size and fits well##Looks exaclty like the pictures#,1675497693
Color: BLACK,8366709,5,Size: L,NiceGood quality,1642048195
Color: BLACK,8366709,5,Size: L,Mein Mann liebt diesen pullover das Material ist sehr angenehmn,1614076127
Color: BLACK,8363487,5,Size: M,"#True to size and fits well##Looks exaclty like the pictures##Good quality, great buy!#",1647721329
Color: BLACK,8363487,5,Size: M,my boyfriend seriously loved his hoodie. I'm buying another for my brother in law. n,1609081387
Color: LIGHT GRAY,8368088,5,Size: L,NiceSatisfactory Customer ServiceGood quality,1622569832
Color: multicolor,8368084,5,Size: M,"Beautiful. #Received the item on time##True to size and fits well##Looks exaclty like the pictures##It's cheap. Well worth shopping##Good quality, great buy!##The fabric feels great#",1662500486
Color: BLACK,8370311,5,Size: 2XL,CuteNiceGood quality,1669613159
Color: multicolor,8370940,5,Size: M,lightweight hoodie,1682378966
Color: multicolor,8370356,5,Size: XL,Nice. Bought them for my husband & son. They are true to size.,1677042604
Color: multicolor,8370356,5,Size: L,Cute bought this for my son - he liked it and wears it to school.,1677039936
Color: BLACK,8366709,5,Size: L,NiceGood quality,1642048195
Color: BLACK,8366709,5,Size: L,Mein Mann liebt diesen pullover das Material ist sehr angenehmn,1614076127
Color: LIGHT GRAY,8368088,5,Size: L,NiceSatisfactory Customer ServiceGood quality,1622569832
Color: multicolor,8368084,5,Size: M,"Beautiful. #Received the item on time##True to size and fits well##Looks exaclty like the pictures##It's cheap. Well worth shopping##Good quality, great buy!##The fabric feels great#",1662500486
Color: BLACK,8370311,5,Size: 2XL,CuteNiceGood quality,1669613159
Color: multicolor,8370940,5,Size: M,lightweight hoodie,1682378966
Color: multicolor,8370356,5,Size: XL,Nice. Bought them for my husband & son. They are true to size.,1677042604
Color: multicolor,8370356,5,Size: L,Cute bought this for my son - he liked it and wears it to school.,1677039936
Color: MINT GREEN,7094097,5,Size: 2XL,this it's a wonderful shirt.  I wear a women's plus 3x USA size.   the fabric is lightweight & washed/dried well on low.,1622966735
Color: GRAY,4170301,5,Size: XL,he loved this shirt so we ordered another one. great fabric. Good quality,1646756774
Color: GRAY,4170301,5,Size: L,Good quality,1628050923
Color: DARK GRAY,8373807,5,Size: L,"Fantastic pullover! Very soft and comfortable, very warm and totally versatile; it's great for many occasions.My husband loves this. Such a bargain and quickly delivered too. Thank you",1673690802
Color: DARK GRAY,8373807,5,Size: XXL,Good quality,1669399206
Color: multicolor,5293640,5,Size: M,Nice,1562197951
Color: multicolor,6372593,5,Size: XL,Good quality,1628050967
Color: YELLOW,2901388,5,Size: L,Received it on timeNiceCute and fucking hilarious because honestly this sweater is just bananas and i love it,1633650929
Color: multicolor,8458649,5,Size: L,Comfortable and true to size. Quality print design.,1679734515
Color: MINT GREEN,7094097,5,Size: 2XL,this it's a wonderful shirt.  I wear a women's plus 3x USA size.   the fabric is lightweight & washed/dried well on low.,1622966735
Color: multicolor,8470681,5,Size: 2XL,CuteReceived it on timeNot what I expectedSatisfactory Customer ServiceGood qualityNice,1677883395
Color: LIGHT GRAY,7282504,5,Size: L,Received it on timeGood quality,1626669817
Color: multicolor,8161275,5,Size: M,Produit tr√®s bien fini et de tr√®s bonne qualit√© !!!! Tr√®s bien taill√© et surtout tr√®s esth√©tique j'adore !!!,1601972636
Color: multicolor,5293640,5,Size: M,Nice,1562197951
Color: multicolor,6372593,5,Size: XL,Good quality,1628050967
Color: LIGHT GRAY,8373830,5,Size: L,"Nice, good quality pullover. Hubby loves it! It was received on time. I highly recommend this jumper/sweater; it's do versatile and makes an excellent wardrobe essential for every man!",1636998436
Color: CARBON GRAY,8194653,5,Size: XL,to wapo,1666075042
Color: BLACK,8194653,5,Size: XL,Cute,1629052127
Color: ARMY GREEN,8194653,5,Size: S,"Received it on time. Great quality, with the cloak biut at the bottom it sits just right. so comy tooo",1620474264
Color: BLACK,8194653,5,Size: M,So great and comfy I bought several,1618766565
Color: DARK GRAY,8373807,5,Size: L,"Fantastic pullover! Very soft and comfortable, very warm and totally versatile; it's great for many occasions.My husband loves this. Such a bargain and quickly delivered too. Thank you",1673690802
Color: DARK GRAY,8373807,5,Size: XXL,Good quality,1669399206
Color: YELLOW,2901388,5,Size: L,Received it on timeNiceCute and fucking hilarious because honestly this sweater is just bananas and i love it,1633650929
Color: GRAY,4170301,5,Size: XL,he loved this shirt so we ordered another one. great fabric. Good quality,1646756774
Color: GRAY,4170301,5,Size: L,Good quality,1628050923
Color: BLACK,3286559,5,Size: M,Super fun print and very comfortable. I wasn't expecting the print to be on the front and the back and the material isn't what I was expecting for a hoodie. I am pleased non the less!,1602557496
Color: GRAY,1726230,5,Size: S,"Looks exactly like the picture, it is very cozy, thick and perfect for a cold winter. I recommand it!",1671015284
Color: GRAY,1726230,5,Size: M,good pruduct,1565857432
Color: multicolor,8470681,5,Size: 2XL,CuteReceived it on timeNot what I expectedSatisfactory Customer ServiceGood qualityNice,1677883395
Color: multicolor,8458649,5,Size: L,Comfortable and true to size. Quality print design.,1679734515
Color: multicolor,7784081,5,Size: 2XL,"When I first saw this on the website, I liked its design. When it arrived, I was surprised by its material, it is thicker than I expected, so it is perfect for this season. It arrived very fast, via experss shipping. I love how it looks in real life, it is just wonderful. The design is exactly as in the pictures from the website. I am very satisfied with this purchase.",1602327588
Color: LIGHT GRAY,7282504,5,Size: L,Received it on timeGood quality,1626669817
Color: COLORMIX,2861950,5,Size: M,Absolutely loved it,1586934742
Color: COLORMIX,2861950,5,Size: L,"Really love that shirt,",1580410470
Color: COLORMIX,2861950,5,Size: L,I was very surprised with the quality of this shirt with hoodie will be warm in the winter and it feels good to use it for dress or casual  ,1536105000
Color: LIGHT GRAY,8373830,5,Size: L,"Nice, good quality pullover. Hubby loves it! It was received on time. I highly recommend this jumper/sweater; it's do versatile and makes an excellent wardrobe essential for every man!",1636998436
Color: multicolor,8161275,5,Size: M,Produit tr√®s bien fini et de tr√®s bonne qualit√© !!!! Tr√®s bien taill√© et surtout tr√®s esth√©tique j'adore !!!,1601972636
Color: LIGHT GRAY,7886633,5,Size: M,Nice.  Very nice.,1677582050
Color: LIGHT GRAY,7886633,5,Size: L,Good fit and comfortablen,1580151976
Color: DARK GRAY,7704360,5,Size: 2XL,Received it on time Good quality Cute Nice,1674128383
Color: DARK GRAY,7704360,5,Size: L,really like the asymmetrical design,1572000361
Color: BLACK,3286559,5,Size: M,Super fun print and very comfortable. I wasn't expecting the print to be on the front and the back and the material isn't what I was expecting for a hoodie. I am pleased non the less!,1602557496
Color: GRAY,1726230,5,Size: S,"Looks exactly like the picture, it is very cozy, thick and perfect for a cold winter. I recommand it!",1671015284
Color: GRAY,1726230,5,Size: M,good pruduct,1565857432
Color: COLORMIX,2861950,5,Size: M,Absolutely loved it,1586934742
Color: COLORMIX,2861950,5,Size: L,"Really love that shirt,",1580410470
Color: COLORMIX,2861950,5,Size: L,I was very surprised with the quality of this shirt with hoodie will be warm in the winter and it feels good to use it for dress or casual  ,1536105000
Color: LIGHT GRAY,7886633,5,Size: M,Nice.  Very nice.,1677582050
Color: LIGHT GRAY,7886633,5,Size: L,Good fit and comfortablen,1580151976
Color: multicolor,7784081,5,Size: 2XL,"When I first saw this on the website, I liked its design. When it arrived, I was surprised by its material, it is thicker than I expected, so it is perfect for this season. It arrived very fast, via experss shipping. I love how it looks in real life, it is just wonderful. The design is exactly as in the pictures from the website. I am very satisfied with this purchase.",1602327588
Color: CARBON GRAY,8194653,5,Size: XL,to wapo,1666075042
Color: BLACK,8194653,5,Size: XL,Cute,1629052127
Color: ARMY GREEN,8194653,5,Size: S,"Received it on time. Great quality, with the cloak biut at the bottom it sits just right. so comy tooo",1620474264
Color: BLACK,8194653,5,Size: M,So great and comfy I bought several,1618766565
Color: DARK GRAY,7704360,5,Size: 2XL,Received it on time Good quality Cute Nice,1674128383
Color: DARK GRAY,7704360,5,Size: L,really like the asymmetrical design,1572000361
